时间 (秒 s) 运行#1（h=50mm）,绝对压力1 (千帕 kPa) 运行#1,时间 (秒 s) 运行#2（40）,绝对压力1 (千帕 kPa) 运行#2,时间 (秒 s) 运行#3（30）,绝对压力1 (千帕 kPa) 运行#3,时间 (秒 s) 运行#4（60）,绝对压力1 (千帕 kPa) 运行#4
0,111.56,1.00E-10,112.65,0,114.65,0,111.76
0.001,106.06,0.001,107.34,0.001,107.41,0.001,105.75
0.002,101.35,0.002,103.32,0.002,101.94,0.002,98.96
0.003,98.31,0.003,98.68,0.003,95.81,0.003,93.6
0.004,95.29,0.004,94.67,0.004,91.02,0.004,90.57
0.005,92.99,0.005,92.14,0.005,88.1,0.005,87.98
0.006,91.43,0.006,89.85,0.006,85.42,0.006,86.81
0.007,89.64,0.007,88.42,0.007,83.61,0.007,86.74
0.008,88.29,0.008,87.37,0.008,83.1,0.008,88.89
0.009,87.62,0.009,86.91,0.009,83.85,0.009,91.72
0.01,87.43,0.01,87.26,0.01,86.12,0.01,96.22
0.011,87.94,0.011,88.29,0.011,88.36,0.011,100.5
0.012,88.84,0.012,90.21,0.012,91.29,0.012,104.17
0.013,90.39,0.013,91.79,0.013,94.18,0.013,108.41
0.014,91.84,0.014,93.94,0.014,96.8,0.014,112.89
0.015,93.75,0.015,96.1,0.015,100.42,0.015,115.72
0.016,95.92,0.016,98.18,0.016,103.54,0.016,117.72
0.017,97.89,0.017,101,0.017,107.23,0.017,117.13
0.018,100.54,0.018,104.03,0.018,110.24,0.018,114.92
0.019,103.33,0.019,106.24,0.019,112.38,0.019,111.05
0.02,105.38,0.02,108.65,0.02,114,0.02,107.07
0.021,107.69,0.021,110.77,0.021,114.21,0.021,103.93
0.022,109.89,0.022,112.02,0.022,112.94,0.022,100.08
0.023,111.26,0.023,112.81,0.023,110.75,0.023,96.48
0.024,112.3,0.024,112.63,0.024,108.34,0.024,94.14
0.025,112.26,0.025,111.48,0.025,106.73,0.025,92.21
0.026,111.55,0.026,109.65,0.026,104.24,0.026,90.61
0.027,110.01,0.027,108.02,0.027,101.46,0.027,90.05
0.028,108.26,0.028,105.85,0.028,99.1,0.028,89.98
0.029,106.76,0.029,103.58,0.029,96.57,0.029,91.32
0.03,104.85,0.03,101.63,0.03,94.79,0.03,92.8
0.031,102.73,0.031,99.21,0.031,93.84,0.031,95.32
0.032,101.05,0.032,97.04,0.032,92.7,0.032,97.29
0.033,99.06,0.033,95.58,0.033,91.92,0.033,100.12
0.034,97.36,0.034,94.32,0.034,91.66,0.034,102.86
0.035,96.22,0.035,93.28,0.035,92.02,0.035,105.06
0.036,95.19,0.036,92.6,0.036,92.82,0.036,107.03
0.037,94.44,0.037,92.1,0.037,94.39,0.037,109.03
0.038,93.66,0.038,92,0.038,96.07,0.038,109.87
0.039,93.09,0.039,92.34,0.039,97.6,0.039,110.12
0.04,93.02,0.04,93.2,0.04,99.5,0.04,108.68
0.041,93.35,0.041,94.46,0.041,101.69,0.041,106.98
0.042,94.2,0.042,95.62,0.042,103.35,0.042,104.52
0.043,94.96,0.043,97.2,0.043,105.16,0.043,102.22
0.044,96.07,0.044,98.98,0.044,106.33,0.044,100.39
0.045,97.22,0.045,100.52,0.045,107.33,0.045,98.19
0.046,98.35,0.046,102.47,0.046,108.19,0.046,96.29
0.047,99.88,0.047,103.88,0.047,108.64,0.047,95.3
0.048,101.57,0.048,105.37,0.048,108.29,0.048,94.65
0.049,102.88,0.049,106.7,0.049,107.18,0.049,94.1
0.05,104.27,0.05,107.66,0.05,105.45,0.05,94.09
0.051,105.3,0.051,108.49,0.051,104.18,0.051,94.45
0.052,106.12,0.052,108.73,0.052,102.46,0.052,95.69
0.053,106.88,0.053,108.39,0.053,100.81,0.053,96.9
0.054,107.31,0.054,107.4,0.054,99.35,0.054,98.74
0.055,107.18,0.055,106.07,0.055,97.64,0.055,100.04
0.056,106.59,0.056,104.94,0.056,96.28,0.056,101.75
0.057,105.62,0.057,103.43,0.057,95.61,0.057,103.21
0.058,104.77,0.058,101.82,0.058,94.95,0.058,104.09
0.059,103.65,0.059,100.45,0.059,94.53,0.059,104.7
0.06,102.43,0.06,98.76,0.06,94.28,0.06,105.55
0.061,101.38,0.061,97.27,0.061,94.42,0.061,105.96
0.062,100.02,0.062,96.35,0.062,94.95,0.062,105.9
0.063,98.95,0.063,95.65,0.063,96.01,0.063,104.86
0.064,97.74,0.064,94.96,0.064,97.34,0.064,103.78
0.065,96.85,0.065,94.58,0.065,98.43,0.065,102.28
0.066,96.44,0.066,94.26,0.066,99.84,0.066,101.11
0.067,96.23,0.067,94.45,0.067,101.28,0.067,100.04
0.068,95.94,0.068,94.95,0.068,102.39,0.068,98.83
0.069,95.8,0.069,95.95,0.069,103.65,0.069,97.79
0.07,95.76,0.07,96.75,0.07,104.41,0.07,97.2
0.071,96.1,0.071,97.94,0.071,105.12,0.071,97.14
0.072,96.58,0.072,99.11,0.072,105.83,0.072,96.84
0.073,97.42,0.073,100.2,0.073,106.24,0.073,96.76
0.074,98.33,0.074,101.61,0.074,106.13,0.074,96.83
0.075,99.05,0.075,102.94,0.075,105.43,0.075,97.37
0.076,99.98,0.076,103.78,0.076,104.29,0.076,98.37
0.077,100.82,0.077,104.62,0.077,103.32,0.077,99.53
0.078,101.86,0.078,105.55,0.078,102.2,0.078,100.37
0.079,102.82,0.079,106.07,0.079,101.13,0.079,101.36
0.08,103.35,0.08,106.5,0.08,100.23,0.08,102.23
0.081,103.86,0.081,106.28,0.081,99.05,0.081,102.75
0.082,104.39,0.082,105.81,0.082,97.99,0.082,102.92
0.083,104.7,0.083,104.86,0.083,97.38,0.083,103.34
0.084,104.88,0.084,103.89,0.084,97.01,0.084,103.7
0.085,104.68,0.085,103.06,0.085,96.9,0.085,103.93
0.086,104.27,0.086,101.97,0.086,96.67,0.086,103.54
0.087,103.61,0.087,100.71,0.087,96.5,0.087,102.78
0.088,102.88,0.088,99.69,0.088,96.56,0.088,101.71
0.089,102.29,0.089,98.52,0.089,97.05,0.089,100.77
0.09,101.49,0.09,97.7,0.09,97.87,0.09,100.19
0.091,100.62,0.091,97,0.091,98.62,0.091,99.54
0.092,99.89,0.092,96.63,0.092,99.5,0.092,98.99
0.093,99.02,0.093,96.26,0.093,100.33,0.093,98.47
0.094,98.28,0.094,95.95,0.094,101.05,0.094,98.19
0.095,97.81,0.095,95.77,0.095,101.94,0.095,98.4
0.096,97.53,0.096,95.91,0.096,102.68,0.096,98.72
0.097,97.43,0.097,96.39,0.097,102.98,0.097,98.72
0.098,97.23,0.098,97.2,0.098,103.37,0.098,98.71
0.099,97.01,0.099,97.91,0.099,103.75,0.099,98.96
0.1,96.98,0.1,98.84,0.1,103.96,0.1,99.62
0.101,97.22,0.101,99.73,0.101,103.83,0.101,100.39
0.102,97.71,0.102,100.55,0.102,103.32,0.102,101.19
0.103,98.22,0.103,101.61,0.103,102.7,0.103,101.55
0.104,98.83,0.104,102.62,0.104,101.98,0.104,101.57
0.105,99.42,0.105,103.2,0.105,101.4,0.105,101.47
0.106,99.92,0.106,103.64,0.106,100.71,0.106,101.74
0.107,100.63,0.107,104.11,0.107,99.98,0.107,102.17
0.108,101.43,0.108,104.61,0.108,99.35,0.108,102.57
0.109,101.99,0.109,104.98,0.109,98.66,0.109,102.39
0.11,102.5,0.11,104.94,0.11,98.22,0.11,101.88
0.111,102.7,0.111,104.56,0.111,98.13,0.111,101.17
0.112,103.02,0.112,103.8,0.112,98.34,0.112,100.76
0.113,103.46,0.113,103.18,0.113,98.29,0.113,100.48
0.114,103.84,0.114,102.37,0.114,98.2,0.114,100.2
0.115,103.9,0.115,101.64,0.115,98.2,0.115,99.85
0.116,103.71,0.116,100.91,0.116,98.56,0.116,99.38
0.117,103.22,0.117,100,0.117,99.05,0.117,99.08
0.118,102.8,0.118,99.09,0.118,99.81,0.118,99.08
0.119,102.29,0.119,98.45,0.119,100.47,0.119,99.39
0.12,101.84,0.12,97.86,0.12,100.88,0.12,99.85
0.121,101.44,0.121,97.6,0.121,101.34,0.121,100.14
0.122,100.87,0.122,97.51,0.122,101.72,0.122,100.07
0.123,100.33,0.123,97.22,0.123,101.92,0.123,99.83
0.124,99.69,0.124,96.99,0.124,102.09,0.124,99.84
0.125,99.16,0.125,96.97,0.125,102.43,0.125,100.22
0.126,98.84,0.126,97.3,0.126,102.79,0.126,100.73
0.127,98.58,0.127,97.87,0.127,102.91,0.127,100.95
0.128,98.48,0.128,98.46,0.128,102.7,0.128,100.91
0.129,98.47,0.129,99.13,0.129,102.28,0.129,100.98
0.13,98.32,0.13,99.83,0.13,101.76,0.13,101.21
0.131,98.16,0.131,100.37,0.131,101.44,0.131,101.57
0.132,98.16,0.132,101.11,0.132,101.06,0.132,101.74
0.133,98.4,0.133,101.85,0.133,100.68,0.133,101.62
0.134,98.8,0.134,102.34,0.134,100.28,0.134,101.27
0.135,99.15,0.135,102.68,0.135,99.73,0.135,100.97
0.136,99.54,0.136,103.07,0.136,99.28,0.136,100.76
0.137,99.89,0.137,103.47,0.137,99.02,0.137,100.61
0.138,100.23,0.138,103.84,0.138,98.94,0.138,100.41
0.139,100.7,0.139,103.92,0.139,99.03,0.139,100.1
0.14,101.23,0.14,103.7,0.14,99.24,0.14,99.8
0.141,101.55,0.141,103.19,0.141,99.42,0.141,99.65
0.142,101.8,0.142,102.76,0.142,99.35,0.142,99.62
0.143,101.84,0.143,102.2,0.143,99.29,0.143,99.76
0.144,102.09,0.144,101.67,0.144,99.43,0.144,99.9
0.145,102.44,0.145,101.16,0.145,99.78,0.145,100.08
0.146,102.65,0.146,100.5,0.146,100.31,0.146,100.3
0.147,102.71,0.147,99.76,0.147,100.64,0.147,100.45
0.148,102.5,0.148,99.22,0.148,100.77,0.148,100.65
0.149,102.22,0.149,98.67,0.149,100.83,0.149,100.76
0.15,101.85,0.15,98.34,0.15,100.88,0.15,100.77
0.151,101.57,0.151,98.29,0.151,100.95,0.151,100.64
0.152,101.34,0.152,98.37,0.152,100.97,0.152,100.53
0.153,100.99,0.153,98.28,0.153,101.29,0.153,100.75
0.154,100.52,0.154,98.13,0.154,101.5,0.154,101.04
0.155,100.14,0.155,98.1,0.155,101.66,0.155,101.16
0.156,99.7,0.156,98.28,0.156,101.57,0.156,101.01
0.157,99.38,0.157,98.72,0.157,101.38,0.157,100.76
0.158,99.2,0.158,99.26,0.158,101.13,0.158,100.61
0.159,99.05,0.159,99.67,0.159,101,0.159,100.58
0.16,99.01,0.16,100.09,0.16,100.91,0.16,100.61
0.161,99.04,0.161,100.52,0.161,100.76,0.161,100.56
0.162,99.14,0.162,100.92,0.162,100.5,0.162,100.39
0.163,99.12,0.163,101.42,0.163,100.26,0.163,100.19
0.164,99.09,0.164,101.79,0.164,100.01,0.164,100.12
0.165,99.16,0.165,101.94,0.165,99.87,0.165,100.11
0.166,99.39,0.166,102.13,0.166,99.87,0.166,100.17
0.167,99.75,0.167,102.41,0.167,99.87,0.167,100.26
0.168,100.14,0.168,102.64,0.168,99.9,0.168,100.28
0.169,100.4,0.169,102.76,0.169,99.93,0.169,100.29
0.17,100.65,0.17,102.59,0.17,99.98,0.17,100.35
0.171,100.89,0.171,102.31,0.171,100.08,0.171,100.46
0.172,101.06,0.172,101.89,0.172,100.25,0.172,100.56
0.173,101.22,0.173,101.62,0.173,100.42,0.173,100.69
0.174,101.3,0.174,101.29,0.174,100.52,0.174,100.74
0.175,101.49,0.175,100.98,0.175,100.58,0.175,100.77
0.176,101.77,0.176,100.67,0.176,100.61,0.176,100.77
0.177,101.98,0.177,100.22,0.177,100.61,0.177,100.77
0.178,101.98,0.178,99.76,0.178,100.77,0.178,100.77
0.179,101.86,0.179,99.44,0.179,100.98,0.179,100.73
0.18,101.7,0.18,99.19,0.18,101.09,0.18,100.65
0.181,101.53,0.181,99.07,0.181,101.11,0.181,100.6
0.182,101.36,0.182,99.06,0.182,101.05,0.182,100.49
0.183,101.26,0.183,99.15,0.183,100.96,0.183,100.43
0.184,101.01,0.184,99.26,0.184,100.91,0.184,100.37
0.185,100.7,0.185,99.22,0.185,100.88,0.185,100.35
0.186,100.44,0.186,99.16,0.186,100.83,0.186,100.34
0.187,100.19,0.187,99.29,0.187,100.74,0.187,100.32
0.188,99.96,0.188,99.57,0.188,100.61,0.188,100.33
0.189,99.87,0.189,100,0.189,100.46,0.189,100.35
0.19,99.75,0.19,100.35,0.19,100.32,0.19,100.41
0.191,99.64,0.191,100.58,0.191,100.25,0.191,100.46
0.192,99.59,0.192,100.77,0.192,100.19,0.192,100.52
0.193,99.58,0.193,100.91,0.193,100.16,0.193,100.55
0.194,99.67,0.194,101.07,0.194,100.11,0.194,100.57
0.195,99.8,0.195,101.15,0.195,100.08,0.195,100.61
0.196,100.02,0.196,101.4,0.196,100.11,0.196,100.64
0.197,100.17,0.197,101.7,0.197,100.14,0.197,100.67
0.198,100.22,0.198,101.89,0.198,100.23,0.198,100.67
0.199,100.22,0.199,101.9,0.199,100.31,0.199,100.64
0.2,100.24,0.2,101.77,0.2,100.39,0.2,100.64
0.201,100.36,0.201,101.58,0.201,100.49,0.201,100.6
0.202,100.51,0.202,101.47,0.202,100.59,0.202,100.58
0.203,100.6,0.203,101.35,0.203,100.67,0.203,100.55
0.204,100.68,0.204,101.18,0.204,100.75,0.204,100.5
0.205,100.86,0.205,101.01,0.205,100.82,0.205,100.46
0.206,101.01,0.206,100.68,0.206,100.82,0.206,100.43
0.207,101.19,0.207,100.37,0.207,100.82,0.207,100.42
0.208,101.26,0.208,100.12,0.208,100.8,0.208,100.41
0.209,101.28,0.209,99.89,0.209,100.79,0.209,100.4
0.21,101.26,0.21,99.74,0.21,100.75,0.21,100.42
0.211,101.23,0.211,99.59,0.211,100.71,0.211,100.44
0.212,101.22,0.212,99.5,0.212,100.67,0.212,100.46
0.213,101.17,0.213,99.5,0.213,100.61,0.213,100.48
0.214,101.08,0.214,99.55,0.214,100.55,0.214,100.51
0.215,100.92,0.215,99.71,0.215,100.49,0.215,100.56
0.216,100.73,0.216,99.92,0.216,100.45,0.216,100.59
0.217,100.61,0.217,100.14,0.217,100.43,0.217,100.6
0.218,100.46,0.218,100.18,0.218,100.36,0.218,100.62
0.219,100.32,0.219,100.13,0.219,100.33,0.219,100.61
0.22,100.2,0.22,100.08,0.22,100.31,0.22,100.61
0.221,100.07,0.221,100.2,0.221,100.31,0.221,100.61
0.222,99.96,0.222,100.37,0.222,100.34,0.222,100.61
0.223,99.9,0.223,100.6,0.223,100.34,0.223,100.59
0.224,99.86,0.224,100.77,0.224,100.38,0.224,100.58
0.225,99.9,0.225,100.92,0.225,100.42,0.225,100.58
0.226,99.93,0.226,101.13,0.226,100.47,0.226,100.56
0.227,99.98,0.227,101.26,0.227,100.51,0.227,100.52
0.228,100.07,0.228,101.35,0.228,100.56,0.228,100.5
0.229,100.14,0.229,101.39,0.229,100.61,0.229,100.49
0.23,100.25,0.23,101.41,0.23,100.65,0.23,100.47
0.231,100.37,0.231,101.4,0.231,100.67,0.231,100.46
0.232,100.43,0.232,101.31,0.232,100.7,0.232,100.48
0.233,100.52,0.233,101.22,0.233,100.73,0.233,100.45
0.234,100.55,0.234,101.09,0.234,100.71,0.234,100.46
0.235,100.59,0.235,100.94,0.235,100.71,0.235,100.47
0.236,100.74,0.236,100.82,0.236,100.7,0.236,100.49
0.237,100.89,0.237,100.65,0.237,100.67,0.237,100.5
0.238,101.03,0.238,100.46,0.238,100.63,0.238,100.51
0.239,101.1,0.239,100.32,0.239,100.6,0.239,100.53
0.24,101.08,0.24,100.17,0.24,100.54,0.24,100.55
0.241,101.04,0.241,100.04,0.241,100.5,0.241,100.55
0.242,101.03,0.242,99.96,0.242,100.47,0.242,100.56
0.243,101.03,0.243,99.89,0.243,100.43,0.243,100.58
0.244,101,0.244,99.87,0.244,100.4,0.244,100.55
0.245,100.92,0.245,99.87,0.245,100.38,0.245,100.53
0.246,100.82,0.246,99.93,0.246,100.37,0.246,100.54
0.247,100.68,0.247,99.99,0.247,100.36,0.247,100.54
0.248,100.54,0.248,100.07,0.248,100.37,0.248,100.52
0.249,100.45,0.249,100.2,0.249,100.38,0.249,100.52
0.25,100.36,0.25,100.29,0.25,100.41,0.25,100.5
0.251,100.27,0.251,100.43,0.251,100.43,0.251,100.5
0.252,100.2,0.252,100.52,0.252,100.46,0.252,100.49
0.253,100.1,0.253,100.58,0.253,100.49,0.253,100.49
0.254,100.05,0.254,100.64,0.254,100.52,0.254,100.49
0.255,100.01,0.255,100.7,0.255,100.58,0.255,100.48
0.256,100.02,0.256,100.73,0.256,100.61,0.256,100.49
0.257,100.05,0.257,100.72,0.257,100.61,0.257,100.5
0.258,100.07,0.258,100.7,0.258,100.66,0.258,100.5
0.259,100.11,0.259,100.76,0.259,100.66,0.259,100.52
0.26,100.16,0.26,100.85,0.26,100.66,0.26,100.51
0.261,100.23,0.261,100.88,0.261,100.64,0.261,100.53
0.262,100.33,0.262,100.85,0.262,100.64,0.262,100.53
0.263,100.41,0.263,100.77,0.263,100.61,0.263,100.53
0.264,100.53,0.264,100.67,0.264,100.59,0.264,100.55
0.265,100.64,0.265,100.63,0.265,100.56,0.265,100.55
0.266,100.75,0.266,100.61,0.266,100.55,0.266,100.55
0.267,100.83,0.267,100.58,0.267,100.5,0.267,100.56
0.268,100.92,0.268,100.53,0.268,100.49,0.268,100.55
0.269,100.96,0.269,100.45,0.269,100.45,0.269,100.55
0.27,100.97,0.27,100.38,0.27,100.43,0.27,100.54
0.271,100.98,0.271,100.32,0.271,100.42,0.271,100.54
0.272,100.96,0.272,100.29,0.272,100.42,0.272,100.52
0.273,100.94,0.273,100.29,0.273,100.41,0.273,100.55
0.274,100.88,0.274,100.28,0.274,100.41,0.274,100.55
0.275,100.82,0.275,100.32,0.275,100.43,0.275,100.53
0.276,100.74,0.276,100.34,0.276,100.44,0.276,100.51
0.277,100.67,0.277,100.36,0.277,100.48,0.277,100.52
0.278,100.58,0.278,100.38,0.278,100.49,0.278,100.51
0.279,100.49,0.279,100.4,0.279,100.52,0.279,100.49
0.28,100.4,0.28,100.42,0.28,100.55,0.28,100.49
0.281,100.32,0.281,100.47,0.281,100.57,0.281,100.5
0.282,100.24,0.282,100.52,0.282,100.59,0.282,100.49
0.283,100.21,0.283,100.58,0.283,100.6,0.283,100.51
0.284,100.14,0.284,100.63,0.284,100.62,0.284,100.51
0.285,100.11,0.285,100.64,0.285,100.61,0.285,100.51
0.286,100.12,0.286,100.67,0.286,100.61,0.286,100.52
0.287,100.13,0.287,100.7,0.287,100.61,0.287,100.53
0.288,100.17,0.288,100.73,0.288,100.61,0.288,100.53
0.289,100.19,0.289,100.73,0.289,100.58,0.289,100.53
0.29,100.27,0.29,100.71,0.29,100.57,0.29,100.55
0.291,100.34,0.291,100.68,0.291,100.55,0.291,100.56
0.292,100.38,0.292,100.65,0.292,100.52,0.292,100.55
0.293,100.47,0.293,100.61,0.293,100.51,0.293,100.57
0.294,100.55,0.294,100.58,0.294,100.49,0.294,100.55
0.295,100.64,0.295,100.54,0.295,100.46,0.295,100.55
0.296,100.71,0.296,100.5,0.296,100.45,0.296,100.55
0.297,100.77,0.297,100.46,0.297,100.43,0.297,100.54
0.298,100.81,0.298,100.43,0.298,100.43,0.298,100.54
0.299,100.82,0.299,100.42,0.299,100.45,0.299,100.52
0.3,100.8,0.3,100.38,0.3,100.44,0.3,100.52
0.301,100.77,0.301,100.37,0.301,100.46,0.301,100.53
0.302,100.76,0.302,100.38,0.302,100.48,0.302,100.52
0.303,100.76,0.303,100.39,0.303,100.51,0.303,100.53
0.304,100.73,0.304,100.41,0.304,100.54,0.304,100.53
0.305,100.67,0.305,100.42,0.305,100.55,0.305,100.55
0.306,100.62,0.306,100.44,0.306,100.58,0.306,100.57
0.307,100.56,0.307,100.46,0.307,100.58,0.307,100.55
0.308,100.51,0.308,100.5,0.308,100.61,0.308,100.57
0.309,100.44,0.309,100.54,0.309,100.6,0.309,100.55
0.31,100.39,0.31,100.57,0.31,100.61,0.31,100.55
0.311,100.35,0.311,100.62,0.311,100.62,0.311,100.55
0.312,100.3,0.312,100.64,0.312,100.6,0.312,100.55
0.313,100.27,0.313,100.67,0.313,100.6,0.313,100.53
0.314,100.23,0.314,100.68,0.314,100.58,0.314,100.51
0.315,100.25,0.315,100.68,0.315,100.58,0.315,100.51
0.316,100.27,0.316,100.69,0.316,100.56,0.316,100.49
0.317,100.29,0.317,100.68,0.317,100.55,0.317,100.5
0.318,100.32,0.318,100.67,0.318,100.52,0.318,100.49
0.319,100.37,0.319,100.65,0.319,100.5,0.319,100.49
0.32,100.41,0.32,100.61,0.32,100.47,0.32,100.5
0.321,100.46,0.321,100.58,0.321,100.48,0.321,100.5
0.322,100.52,0.322,100.58,0.322,100.47,0.322,100.5
0.323,100.55,0.323,100.55,0.323,100.46,0.323,100.52
0.324,100.6,0.324,100.53,0.324,100.43,0.324,100.52
0.325,100.64,0.325,100.54,0.325,100.45,0.325,100.52
0.326,100.67,0.326,100.57,0.326,100.47,0.326,100.53
0.327,100.7,0.327,100.57,0.327,100.49,0.327,100.53
0.328,100.73,0.328,100.58,0.328,100.48,0.328,100.52
0.329,100.75,0.329,100.58,0.329,100.49,0.329,100.53
0.33,100.76,0.33,100.56,0.33,100.5,0.33,100.54
0.331,100.75,0.331,100.55,0.331,100.52,0.331,100.53
0.332,100.74,0.332,100.56,0.332,100.52,0.332,100.52
0.333,100.71,0.333,100.55,0.333,100.52,0.333,100.53
0.334,100.7,0.334,100.56,0.334,100.52,0.334,100.51
0.335,100.65,0.335,100.53,0.335,100.54,0.335,100.51
0.336,100.61,0.336,100.53,0.336,100.55,0.336,100.51
0.337,100.54,0.337,100.5,0.337,100.55,0.337,100.53
0.338,100.49,0.338,100.5,0.338,100.57,0.338,100.51
0.339,100.44,0.339,100.51,0.339,100.55,0.339,100.52
0.34,100.39,0.34,100.52,0.34,100.56,0.34,100.51
0.341,100.35,0.341,100.52,0.341,100.55,0.341,100.51
0.342,100.32,0.342,100.5,0.342,100.54,0.342,100.51
0.343,100.3,0.343,100.49,0.343,100.53,0.343,100.51
0.344,100.29,0.344,100.51,0.344,100.54,0.344,100.52
0.345,100.31,0.345,100.5,0.345,100.52,0.345,100.52
0.346,100.32,0.346,100.51,0.346,100.51,0.346,100.52
0.347,100.33,0.347,100.5,0.347,100.49,0.347,100.52
0.348,100.35,0.348,100.51,0.348,100.51,0.348,100.52
0.349,100.39,0.349,100.5,0.349,100.52,0.349,100.54
0.35,100.41,0.35,100.52,0.35,100.52,0.35,100.53
0.351,100.46,0.351,100.52,0.351,100.53,0.351,100.52
0.352,100.49,0.352,100.51,0.352,100.52,0.352,100.54
0.353,100.55,0.353,100.53,0.353,100.52,0.353,100.55
0.354,100.58,0.354,100.53,0.354,100.53,0.354,100.54
0.355,100.63,0.355,100.54,0.355,100.53,0.355,100.55
0.356,100.67,0.356,100.54,0.356,100.52,0.356,100.54
0.357,100.7,0.357,100.55,0.357,100.53,0.357,100.55
0.358,100.72,0.358,100.51,0.358,100.52,0.358,100.55
0.359,100.75,0.359,100.51,0.359,100.54,0.359,100.53
0.36,100.75,0.36,100.51,0.36,100.54,0.36,100.54
0.361,100.74,0.361,100.52,0.361,100.52,0.361,100.52
0.362,100.73,0.362,100.52,0.362,100.52,0.362,100.55
0.363,100.69,0.363,100.5,0.363,100.53,0.363,100.53
0.364,100.67,0.364,100.52,0.364,100.55,0.364,100.53
0.365,100.63,0.365,100.54,0.365,100.53,0.365,100.52
0.366,100.58,0.366,100.54,0.366,100.51,0.366,100.52
0.367,100.55,0.367,100.54,0.367,100.51,0.367,100.52
0.368,100.5,0.368,100.55,0.368,100.51,0.368,100.52
0.369,100.46,0.369,100.52,0.369,100.52,0.369,100.53
0.37,100.43,0.37,100.52,0.37,100.51,0.37,100.53
0.371,100.39,0.371,100.51,0.371,100.52,0.371,100.53
0.372,100.37,0.372,100.52,0.372,100.51,0.372,100.55
0.373,100.36,0.373,100.51,0.373,100.52,0.373,100.54
0.374,100.35,0.374,100.5,0.374,100.52,0.374,100.54
0.375,100.33,0.375,100.5,0.375,100.52,0.375,100.54
0.376,100.34,0.376,100.51,0.376,100.52,0.376,100.55
0.377,100.35,0.377,100.51,0.377,100.53,0.377,100.55
0.378,100.37,0.378,100.51,0.378,100.52,0.378,100.54
0.379,100.4,0.379,100.52,0.379,100.53,0.379,100.54
0.38,100.43,0.38,100.52,0.38,100.53,0.38,100.55
0.381,100.46,0.381,100.52,0.381,100.53,0.381,100.54
0.382,100.49,0.382,100.53,0.382,100.55,0.382,100.55
0.383,100.54,0.383,100.52,0.383,100.55,0.383,100.54
0.384,100.59,0.384,100.52,0.384,100.57,0.384,100.55
0.385,100.61,0.385,100.53,0.385,100.54,0.385,100.54
0.386,100.65,0.386,100.52,0.386,100.55,0.386,100.55
0.387,100.68,0.387,100.55,0.387,100.55,0.387,100.55
0.388,100.67,0.388,100.54,0.388,100.55,0.388,100.55
0.389,100.67,0.389,100.55,0.389,100.55,0.389,100.53
0.39,100.64,0.39,100.55,0.39,100.54,0.39,100.53
0.391,100.62,0.391,100.56,0.391,100.52,0.391,100.53
0.392,100.61,0.392,100.55,0.392,100.52,0.392,100.52
0.393,100.61,0.393,100.55,0.393,100.52,0.393,100.53
0.394,100.6,0.394,100.56,0.394,100.52,0.394,100.52
0.395,100.56,0.395,100.54,0.395,100.52,0.395,100.53
0.396,100.55,0.396,100.54,0.396,100.52,0.396,100.53
0.397,100.52,0.397,100.53,0.397,100.52,0.397,100.53
0.398,100.49,0.398,100.53,0.398,100.52,0.398,100.54
0.399,100.48,0.399,100.53,0.399,100.52,0.399,100.54
0.4,100.45,0.4,100.52,0.4,100.52,0.4,100.53
0.401,100.45,0.401,100.52,0.401,100.53,0.401,100.52
0.402,100.41,0.402,100.54,0.402,100.54,0.402,100.52
0.403,100.4,0.403,100.53,0.403,100.55,0.403,100.54
0.404,100.41,0.404,100.54,0.404,100.54,0.404,100.53
0.405,100.39,0.405,100.53,0.405,100.55,0.405,100.53
0.406,100.42,0.406,100.54,0.406,100.53,0.406,100.52
0.407,100.43,0.407,100.52,0.407,100.53,0.407,100.52
0.408,100.44,0.408,100.52,0.408,100.54,0.408,100.52
0.409,100.46,0.409,100.54,0.409,100.52,0.409,100.52
0.41,100.49,0.41,100.55,0.41,100.52,0.41,100.52
0.411,100.51,0.411,100.55,0.411,100.52,0.411,100.53
0.412,100.54,0.412,100.56,0.412,100.51,0.412,100.52
0.413,100.55,0.413,100.55,0.413,100.52,0.413,100.52
0.414,100.58,0.414,100.57,0.414,100.5,0.414,100.53
0.415,100.59,0.415,100.56,0.415,100.52,0.415,100.52
0.416,100.61,0.416,100.58,0.416,100.5,0.416,100.53
0.417,100.61,0.417,100.57,0.417,100.49,0.417,100.52
0.418,100.61,0.418,100.55,0.418,100.51,0.418,100.52
0.419,100.63,0.419,100.54,0.419,100.5,0.419,100.53
0.42,100.61,0.42,100.54,0.42,100.5,0.42,100.55
0.421,100.61,0.421,100.52,0.421,100.52,0.421,100.55
0.422,100.61,0.422,100.52,0.422,100.52,0.422,100.53
0.423,100.59,0.423,100.52,0.423,100.52,0.423,100.54
0.424,100.58,0.424,100.51,0.424,100.51,0.424,100.55
0.425,100.57,0.425,100.52,0.425,100.52,0.425,100.53
0.426,100.53,0.426,100.49,0.426,100.52,0.426,100.52
0.427,100.52,0.427,100.51,0.427,100.53,0.427,100.52
0.428,100.51,0.428,100.52,0.428,100.52,0.428,100.53
0.429,100.49,0.429,100.5,0.429,100.54,0.429,100.52
0.43,100.46,0.43,100.52,0.43,100.54,0.43,100.51
0.431,100.44,0.431,100.5,0.431,100.55,0.431,100.52
0.432,100.44,0.432,100.51,0.432,100.55,0.432,100.51
0.433,100.43,0.433,100.52,0.433,100.53,0.433,100.51
0.434,100.44,0.434,100.49,0.434,100.55,0.434,100.52
0.435,100.43,0.435,100.52,0.435,100.55,0.435,100.51
0.436,100.45,0.436,100.51,0.436,100.53,0.436,100.52
0.437,100.46,0.437,100.52,0.437,100.52,0.437,100.52
0.438,100.46,0.438,100.51,0.438,100.52,0.438,100.52
0.439,100.49,0.439,100.52,0.439,100.51,0.439,100.52
0.44,100.49,0.44,100.52,0.44,100.5,0.44,100.52
0.441,100.52,0.441,100.53,0.441,100.52,0.441,100.54
0.442,100.52,0.442,100.52,0.442,100.51,0.442,100.54
0.443,100.54,0.443,100.54,0.443,100.5,0.443,100.53
0.444,100.55,0.444,100.54,0.444,100.5,0.444,100.52
0.445,100.57,0.445,100.53,0.445,100.52,0.445,100.54
0.446,100.58,0.446,100.53,0.446,100.52,0.446,100.53
0.447,100.6,0.447,100.52,0.447,100.52,0.447,100.54
0.448,100.6,0.448,100.52,0.448,100.52,0.448,100.54
0.449,100.61,0.449,100.52,0.449,100.52,0.449,100.53
0.45,100.61,0.45,100.54,0.45,100.52,0.45,100.53
0.451,100.59,0.451,100.52,0.451,100.52,0.451,100.52
0.452,100.59,0.452,100.52,0.452,100.52,0.452,100.51
0.453,100.58,0.453,100.52,0.453,100.52,0.453,100.52
0.454,100.58,0.454,100.52,0.454,100.53,0.454,100.55
0.455,100.55,0.455,100.53,0.455,100.54,0.455,100.54
0.456,100.53,0.456,100.52,0.456,100.53,0.456,100.55
0.457,100.52,0.457,100.52,0.457,100.53,0.457,100.54
0.458,100.51,0.458,100.52,0.458,100.55,0.458,100.55
0.459,100.49,0.459,100.52,0.459,100.54,0.459,100.55
0.46,100.48,0.46,100.52,0.46,100.53,0.46,100.55
0.461,100.48,0.461,100.54,0.461,100.54,0.461,100.54
0.462,100.49,0.462,100.55,0.462,100.52,0.462,100.53
0.463,100.49,0.463,100.52,0.463,100.53,0.463,100.55
0.464,100.47,0.464,100.54,0.464,100.53,0.464,100.54
0.465,100.48,0.465,100.53,0.465,100.53,0.465,100.54
0.466,100.48,0.466,100.53,0.466,100.52,0.466,100.52
0.467,100.51,0.467,100.55,0.467,100.53,0.467,100.53
0.468,100.5,0.468,100.54,0.468,100.54,0.468,100.54
0.469,100.5,0.469,100.55,0.469,100.52,0.469,100.53
0.47,100.51,0.47,100.54,0.47,100.52,0.47,100.54
0.471,100.51,0.471,100.54,0.471,100.52,0.471,100.54
0.472,100.52,0.472,100.55,0.472,100.53,0.472,100.52
0.473,100.53,0.473,100.55,0.473,100.52,0.473,100.55
0.474,100.53,0.474,100.54,0.474,100.53,0.474,100.54
0.475,100.52,0.475,100.53,0.475,100.53,0.475,100.54
0.476,100.52,0.476,100.52,0.476,100.52,0.476,100.54
0.477,100.52,0.477,100.53,0.477,100.54,0.477,100.52
0.478,100.53,0.478,100.53,0.478,100.53,0.478,100.55
0.479,100.55,0.479,100.52,0.479,100.55,0.479,100.55
0.48,100.53,0.48,100.52,0.48,100.54,0.48,100.55
0.481,100.53,0.481,100.53,0.481,100.55,0.481,100.54
0.482,100.53,0.482,100.53,0.482,100.55,0.482,100.54
0.483,100.54,0.483,100.54,0.483,100.55,0.483,100.54
0.484,100.54,0.484,100.54,0.484,100.53,0.484,100.54
0.485,100.54,0.485,100.54,0.485,100.55,0.485,100.53
0.486,100.53,0.486,100.53,0.486,100.52,0.486,100.53
0.487,100.52,0.487,100.54,0.487,100.54,0.487,100.53
0.488,100.52,0.488,100.54,0.488,100.52,0.488,100.54
0.489,100.52,0.489,100.54,0.489,100.52,0.489,100.55
0.49,100.52,0.49,100.55,0.49,100.53,0.49,100.55
0.491,100.52,0.491,100.54,0.491,100.51,0.491,100.54
0.492,100.52,0.492,100.53,0.492,100.53,0.492,100.55
0.493,100.52,0.493,100.55,0.493,100.51,0.493,100.54
0.494,100.52,0.494,100.54,0.494,100.52,0.494,100.53
0.495,100.51,0.495,100.55,0.495,100.53,0.495,100.54
0.496,100.52,0.496,100.55,0.496,100.51,0.496,100.52
0.497,100.52,0.497,100.55,0.497,100.52,0.497,100.52
0.498,100.52,0.498,100.54,0.498,100.54,0.498,100.52
0.499,100.52,0.499,100.54,0.499,100.53,0.499,100.52
0.5,100.51,0.5,100.54,0.5,100.52,0.5,100.51
