rank,score,viscousDampingNsPerM,coulombFrictionN,thermalRelaxationTimeS,thermalVolumeExponent,timingRmseMs,amplitudeRmseKpa,visibleDurationRmseMs,run1ReleaseAmplitudeMm,run1VisibleDurationS,run2ReleaseAmplitudeMm,run2VisibleDurationS,run3ReleaseAmplitudeMm,run3VisibleDurationS,run4ReleaseAmplitudeMm,run4VisibleDurationS
1,2.534294226997252,1.1,0,0.05,1,2.1689196513961626,0.8070609297459165,10.319883720275149,6.75,0.23299999999999998,6,0.22499999999999998,4.5,0.188,3.75,0.19399999999999998
2,2.54963260468911,1,0,0.05,1,2.1689196513961626,0.8971736587030253,11.045361017187258,6.5,0.248,5.75,0.239,4.25,0.201,3.5,0.205
3,2.582602707886127,1,0.01,0.05,1,2.1689196513961626,0.8553438997345959,10.319883720275149,6.5,0.23299999999999998,5.75,0.22499999999999998,4.5,0.201,3.75,0.19399999999999998
4,2.6086758244725394,0.9,0.01,0.05,1,2.1689196513961626,0.939192753423401,11.045361017187258,6.25,0.248,5.5,0.239,4.25,0.201,3.5,0.205
5,2.6154738806938784,1,0.0025,0.05,1,2.1689196513961626,0.9220611831092486,11.011357772772618,6.75,0.248,6,0.24,4.5,0.201,3.75,0.205
6,2.6210489157496726,1,0.005,0.05,1,2.1689196513961626,0.8894140180378868,10.319883720275149,6.25,0.23299999999999998,5.75,0.22499999999999998,4.25,0.201,3.5,0.19399999999999998
7,2.6440493096773365,1.1,0.0025,0.05,1,2.1689196513961626,0.8580423241522709,10.500000000000002,7.25,0.23199999999999998,6,0.22499999999999998,4.5,0.188,3.75,0.19399999999999998
8,2.6856295917917468,1.2,0,0.05,1,2.1689196513961626,0.8118086050499909,18.506755523321736,7,0.21700000000000003,6.25,0.212,4.75,0.188,3.75,0.183
9,2.694233535857047,1.1,0.01,0.05,1,2.1689196513961626,0.802755841705275,18.90105817143579,6.75,0.21700000000000003,6,0.211,4.5,0.17600000000000002,3.75,0.183
10,2.7044098633381033,1.1,0.005,0.05,1,2.1689196513961626,0.8337159744225394,14.790199457749027,6.75,0.21700000000000003,6.25,0.22599999999999998,4.75,0.188,3.75,0.19399999999999998
11,2.7298321497313713,1.2,0.0025,0.05,1,2.1689196513961626,0.8270527612197847,18.90105817143579,7.25,0.21700000000000003,6.25,0.211,4.75,0.17600000000000002,4,0.183
12,2.7312005915136526,1.2,0,0.075,1,2.187139120764276,0.8742911484225445,13.765899897936206,7,0.23299999999999998,6,0.22599999999999998,4.5,0.201,3.75,0.205
13,2.7472462306559455,1.1,0,0.075,1,2.255910700611415,0.9199649784967713,16.132265804901678,6.5,0.248,5.75,0.24,4.25,0.213,3.5,0.215
14,2.75703432628736,0.9,0.0025,0.05,1,2.1689196513961626,0.9676051715497231,16.62077013859466,6,0.248,5.5,0.253,4,0.213,3.5,0.216
15,2.75899208842426,0.9,0.005,0.05,1,2.1689196513961626,0.9625167489781633,16.62828914831589,6,0.248,5.5,0.24,4,0.213,3.5,0.216
16,2.7674115647986444,1.1,0.0025,0.075,1,2.187139120764276,0.9150520411950561,16.99264546796643,6.25,0.23299999999999998,5.75,0.24,4.25,0.213,3.5,0.216
17,2.772971946445631,0.9,0,0.05,1,2.1753138237942196,0.97439461810648,16.62077013859466,6,0.264,5.5,0.254,4,0.213,3.5,0.216
18,2.777319430073331,1.1,0.01,0.075,1,2.255910700611415,1.0152960646536051,9.937303457175897,6.5,0.23299999999999998,5.75,0.22599999999999998,4.25,0.201,3.25,0.19399999999999998
19,2.7883781200366884,1.2,0,0.1,1,2.187139120764276,0.9245755551954399,16.99264546796643,6.5,0.23299999999999998,6,0.24,4.5,0.213,3.5,0.216
20,2.818354838848414,1.2,0.005,0.05,1,2.1689196513961626,0.8854939537481568,18.506755523321736,7.5,0.21700000000000003,6.5,0.212,4.75,0.17600000000000002,4,0.183
21,2.819726855146989,1.3,0,0.075,1,2.187139120764276,0.8206951548781913,19.306734576307807,7,0.21700000000000003,6,0.212,4.75,0.188,3.75,0.19399999999999998
22,2.8286260898539357,1.1,0.005,0.075,1,2.255910700611415,1.0435384062756885,11.586630226256466,6.25,0.23299999999999998,6,0.239,4.25,0.201,3.25,0.205
23,2.8319155326503784,1.2,0.0025,0.075,1,2.255910700611415,0.9004687085034627,13.901438774457846,7.25,0.23199999999999998,6,0.22599999999999998,4.5,0.201,3.75,0.205
24,2.8450993500226724,1.2,0.005,0.075,1,2.187139120764276,0.9226203922948969,15.049916943292398,6.75,0.21700000000000003,6.25,0.22499999999999998,4.75,0.201,3.5,0.19399999999999998
25,2.847650153684112,1.2,0.01,0.075,1,2.187139120764276,0.8441204755776146,19.685019685029516,6.75,0.21700000000000003,6,0.211,4.5,0.188,3.75,0.19399999999999998
26,2.865051684619411,1.3,0.005,0.15,1,2.2320372380384312,0.8974324895278049,17.59261208575917,6.75,0.21700000000000003,6,0.22599999999999998,4.5,0.201,3.5,0.205
27,2.8664423776320946,1.3,0,0.1,1,2.187139120764276,0.8772028611358157,17.811513130556865,6.75,0.21700000000000003,6.25,0.22499999999999998,4.5,0.201,3.75,0.205
28,2.8665405300393614,1.1,0,0.05,0.5,2.255910700611415,0.9015529608113663,18.459414941974735,6.75,0.23299999999999998,5.75,0.22599999999999998,4.5,0.201,3.5,0.216
29,2.869423579110876,1.2,0.0025,0.1,1,2.187139120764276,1.0107835244667047,14.317821063276353,6.5,0.23199999999999998,5.75,0.22499999999999998,4.5,0.213,3.25,0.205
30,2.8725283082321846,1,0.01,0.075,1,2.255910700611415,1.0069455075570148,16.65082580534671,6.25,0.248,5.5,0.239,4.25,0.213,3.5,0.216
31,2.8742579307997085,1.3,0.0025,0.1,1,2.187139120764276,0.9571180222025442,14.790199457749027,6.75,0.21700000000000003,6.5,0.22599999999999998,4.75,0.201,3.5,0.19399999999999998
32,2.8793499354518497,1.1,0.005,0.05,0.5,2.1934801825763794,0.8982844013395018,17.811513130556865,6.75,0.21700000000000003,6,0.22499999999999998,4.5,0.201,3.5,0.205
33,2.8816777047766693,1.2,0.005,0.1,1,2.255910700611415,1.0155063636448451,14.04457190518814,6.75,0.23299999999999998,5.75,0.22499999999999998,4.5,0.201,3.25,0.205
34,2.8853520751612463,1.3,0.005,0.1,1,2.187139120764276,0.8864082219945493,19.306734576307807,7,0.21700000000000003,6,0.212,4.5,0.188,3.5,0.19399999999999998
35,2.8866968704694416,1.1,0.005,0.1,1,2.255910700611415,1.0388961544736908,16.65082580534671,6.5,0.248,5.5,0.239,4.25,0.213,3.25,0.216
36,2.8905553454324937,1.3,0,0.15,1,2.187139120764276,0.9291589669353613,18.459414941974735,7,0.23299999999999998,5.75,0.22599999999999998,4.25,0.201,3.5,0.216
37,2.8910656229108653,1.1,0.01,0.1,1,2.255910700611415,0.9990495330437682,16.98528775146303,6.25,0.23199999999999998,5.75,0.24,4,0.201,3.5,0.216
38,2.892913025426506,1.3,0.0025,0.075,1,2.187139120764276,0.9478160907477463,18.90105817143579,7.5,0.21700000000000003,6.25,0.211,4.75,0.188,3.5,0.183
39,2.8973861498108304,1,0.005,0.075,1,2.255910700611415,1.0549661759879472,16.62077013859466,6,0.248,5.5,0.254,4,0.213,3.25,0.216
40,2.9034139279648548,1.3,0.0025,0.2,1,2.187139120764276,0.94752592175907,18.459414941974735,7,0.23299999999999998,5.75,0.22599999999999998,4.25,0.201,3.5,0.216
41,2.90349740188224,1,0.005,0.05,0.5,2.255910700611415,1.019250305063082,17.014699527173555,6.25,0.23299999999999998,5.75,0.239,4.25,0.213,3.25,0.216
42,2.9051762312058576,1.2,0.01,0.1,1,2.187139120764276,1.0262225503431135,15.049916943292398,6.5,0.21700000000000003,6,0.22499999999999998,4.25,0.188,3.25,0.19399999999999998
43,2.909833311248855,1.2,0.0025,0.15,1,2.187139120764276,0.9796801981250272,21.880356487041055,6.5,0.23299999999999998,5.75,0.24,4.25,0.213,3.5,0.22599999999999998
44,2.917419389980342,1.4,0,0.3,1,2.1625065725760635,0.8996296891130141,21.38340478034309,6.75,0.21800000000000003,6,0.22499999999999998,4.5,0.201,3.5,0.216
45,2.9214530359885957,1.2,0.005,0.15,1,2.187139120764276,1.0448173596463253,16.99264546796643,6.5,0.23299999999999998,6,0.24,4.25,0.213,3.25,0.216
46,2.923295005725474,1.3,0.005,0.2,1,2.1625065725760635,0.9737227475061825,18.459414941974735,7.25,0.23299999999999998,5.75,0.22599999999999998,4.5,0.201,3.5,0.216
47,2.9236236630628696,1.2,0.01,0.2,1,2.1625065725760635,1.0798752358631643,16.896745248715803,6.25,0.23299999999999998,6,0.239,4,0.201,3.25,0.216
48,2.924239241501499,1.4,0,0.3,0.5,2.1625065725760635,0.9147377140306854,21.201415047114182,6.75,0.21800000000000003,6,0.22599999999999998,4.5,0.201,3.5,0.216
49,2.925388631318511,1.3,0.005,0.3,1,2.1625065725760635,1.026790285597937,18.013883534651825,7,0.23299999999999998,5.75,0.22599999999999998,4.25,0.201,3.25,0.215
50,2.9272888842767126,1.3,0,0.3,1,2.1625065725760635,1.0260067571365528,21.931712199461302,6.5,0.23299999999999998,6,0.24,4.25,0.214,3.25,0.22599999999999998
51,2.928581157308279,1.2,0,0.075,0.5,2.255910700611415,0.9406056455624645,18.013883534651825,7,0.23299999999999998,5.75,0.22599999999999998,4.25,0.201,3.5,0.215
52,2.9289471738401627,1.3,0,0.2,1,2.1625065725760635,0.9894740126621935,21.880356487041055,6.75,0.23299999999999998,6.25,0.24,4.25,0.213,3.5,0.22599999999999998
53,2.9318388753768945,1.2,0.0025,0.05,0.5,2.187139120764276,0.9080995767369584,19.685019685029516,7.25,0.21700000000000003,6,0.211,4.75,0.188,3.5,0.19399999999999998
54,2.933473402230179,1.1,0.0025,0.1,1,2.255910700611415,1.0069731236705743,21.598611066455167,6.25,0.248,5.5,0.24,4,0.213,3.5,0.22599999999999998
55,2.93887271240806,1.3,0.01,0.2,0.5,2.1625065725760635,1.0118461650778061,17.59261208575917,6.75,0.21700000000000003,6,0.22599999999999998,4.25,0.201,3.25,0.205
56,2.9398215859183336,1.1,0.0025,0.05,0.5,2.19348018257638,1.0567318794080478,13.901438774457846,7.25,0.23199999999999998,5.75,0.22599999999999998,4.5,0.201,3.25,0.205
57,2.940318692087195,1,0.01,0.05,0.5,2.2681906103078378,0.9591032581683071,18.459414941974735,6.5,0.23299999999999998,5.75,0.22599999999999998,4.25,0.201,3.5,0.216
58,2.9407428544086613,0.8,0.01,0.05,1,2.1753138237942196,1.094549572558853,16.62077013859466,5.75,0.263,5.25,0.254,3.75,0.213,3.5,0.216
59,2.943905302533651,1.2,0,0.1,0.5,2.187139120764276,1.023966124406284,21.880356487041055,6.5,0.23299999999999998,5.75,0.24,4.5,0.213,3.25,0.22599999999999998
60,2.9439960451041833,1,0.0025,0.05,0.5,2.262058988380025,0.9979622094190598,21.598611066455167,6.75,0.248,5.75,0.24,4.25,0.213,3.5,0.22599999999999998
61,2.944856203680382,1.4,0.0025,0.5,1,2.1625065725760635,0.917554648158099,21.644860821913355,6.75,0.21700000000000003,6,0.22499999999999998,4.5,0.201,3.5,0.216
62,2.9468363705635263,1.3,0.0025,0.5,1,2.1625065725760635,1.0403496436066018,21.880356487041055,6.5,0.23299999999999998,6,0.24,4.25,0.213,3.25,0.22599999999999998
63,2.948307288313835,1.4,0.005,0.3,1,2.1625065725760635,0.8979543125888683,21.6101827849743,7,0.21800000000000003,6,0.211,4.5,0.188,3.5,0.205
64,2.9489183548867266,1.4,0.0025,0.3,1,2.1625065725760635,1.0294982003707174,17.59261208575917,6.75,0.21700000000000003,6.25,0.22599999999999998,4.5,0.201,3.25,0.205
65,2.9496666492512884,1.4,0.0025,0.5,0.5,2.1625065725760635,0.9299732163617311,21.465087933665675,6.75,0.21700000000000003,6,0.22599999999999998,4.5,0.201,3.5,0.216
66,2.9502852628996883,1.3,0,0.15,0.5,2.1625065725760635,1.020602197799832,18.337120820892252,7,0.23299999999999998,5.75,0.22499999999999998,4.5,0.213,3.25,0.215
67,2.95076242491118,1.4,0.0025,0.375,0,2.1625065725760635,0.9310879748175356,21.465087933665675,6.75,0.21700000000000003,6,0.22599999999999998,4.5,0.201,3.5,0.216
68,2.951088089116386,1.3,0.0025,0.1,0,2.1625065725760635,0.9313490320690849,21.465087933665675,6.75,0.21700000000000003,6,0.22599999999999998,4.5,0.201,3.5,0.216
69,2.951088089116386,1.3,0.0025,0.1,0,2.1625065725760635,0.9313490320690849,21.465087933665675,6.75,0.21700000000000003,6,0.22599999999999998,4.5,0.201,3.5,0.216
70,2.951947351095776,1.3,0,0.1,0.5,2.2320372380384312,0.897625802774788,21.465087933665675,6.75,0.21700000000000003,6,0.22599999999999998,4.5,0.201,3.5,0.216
71,2.9523499001676026,1.3,0.0025,0.15,1,2.187139120764276,1.011435258457645,17.59261208575917,6.75,0.21700000000000003,5.75,0.22599999999999998,4.5,0.201,3.25,0.205
72,2.9530952146816514,1.4,0,0.2,0.5,2.1625065725760635,0.9190733807051963,21.465087933665675,7,0.21700000000000003,6.25,0.22599999999999998,4.5,0.201,3.5,0.216
73,2.953279634420487,1.2,0.01,0.05,1,2.1689196513961626,0.8156245125934759,29.068883707497267,7,0.202,6.25,0.19699999999999998,4.75,0.17600000000000002,4,0.173
74,2.956114314397495,1.2,0.0025,0.075,0.5,2.187139120764276,0.9576226382120034,18.768324379123463,7.25,0.23199999999999998,5.75,0.22499999999999998,4.5,0.201,3.5,0.216
75,2.9569438410702102,1.4,0.005,0.5,1,2.1625065725760635,1.0277791769782254,17.59261208575917,6.75,0.21700000000000003,6.25,0.22599999999999998,4.5,0.201,3.25,0.205
76,2.957020614877103,1.2,0.005,0.075,0.5,2.187139120764276,1.0098696557535147,17.59261208575917,6.75,0.21700000000000003,6,0.22599999999999998,4.5,0.201,3.25,0.205
77,2.957692346133711,1.2,0.01,0.15,1,2.255910700611415,0.9732474622163796,18.459414941974735,6.75,0.23299999999999998,5.75,0.22599999999999998,4.25,0.201,3.5,0.216
78,2.959532939488395,1.1,0.01,0.075,0.5,2.255910700611415,0.9863359663844965,18.66815470259447,6.5,0.23299999999999998,5.75,0.22499999999999998,4.25,0.201,3.5,0.216
79,2.959953463536179,1.3,0,0.3,0.5,2.1625065725760635,0.996045048532314,27.30384588295209,6.5,0.23299999999999998,5.75,0.24,4.25,0.213,3.5,0.237
80,2.960318275058222,1.2,0.01,0.1,0.5,2.187139120764276,1.0026315496831464,17.811513130556865,6.5,0.21700000000000003,5.75,0.22499999999999998,4.25,0.201,3.25,0.205
81,2.960818456400143,1.3,0.005,0.15,0.5,2.1625065725760635,0.935521114566505,21.465087933665675,6.75,0.21700000000000003,6,0.22599999999999998,4.5,0.201,3.5,0.216
82,2.9621345929449454,1.3,0.0025,0.1,0,2.1625065725760635,0.935021318307699,21.465087933665675,7,0.21700000000000003,6,0.22599999999999998,4.5,0.201,3.5,0.216
83,2.96244398566406,1.2,0.005,0.05,0.5,2.187139120764276,0.903013439702463,19.685019685029516,7.5,0.21700000000000003,6.25,0.211,4.75,0.188,3.75,0.19399999999999998
84,2.9627811178701293,1.2,0,0.15,1,2.187139120764276,1.056937731724235,21.598611066455167,6.75,0.248,5.75,0.24,4,0.213,3.25,0.22599999999999998
85,2.962870515612469,1.4,0,0.15,1,2.1625065725760635,0.8855878858368064,21.529050141610973,7.25,0.21700000000000003,6.25,0.212,4.75,0.201,3.75,0.205
86,2.964692361026226,1.2,0.005,0.2,1,2.187139120764276,1.0358530663620087,21.880356487041055,6.25,0.23299999999999998,5.5,0.24,4.25,0.213,3.25,0.22599999999999998
87,2.9682636322659093,1.3,0.01,0.3,1,2.1625065725760635,0.9503494312693859,21.465087933665675,6.5,0.21700000000000003,5.75,0.22599999999999998,4.25,0.201,3.5,0.216
88,2.9690483128959375,1.1,0.005,0.075,0.5,2.255910700611415,1.0002722767300054,21.880356487041055,6.25,0.23299999999999998,5.75,0.24,4.25,0.213,3.5,0.22599999999999998
89,2.969160121107808,1.4,0.005,1,0,2.1625065725760635,0.9474997462958874,21.465087933665675,6.75,0.21700000000000003,6,0.22599999999999998,4.5,0.201,3.5,0.216
90,2.9701474163013746,1.4,0.0025,0.15,1,2.187139120764276,0.9283394657204692,19.306734576307807,7.5,0.21700000000000003,6,0.212,4.75,0.188,3.5,0.19399999999999998
91,2.9717248446410918,1.3,0.0025,0.3,1,2.1625065725760635,0.9670554826230545,23.12466215969435,6.75,0.23299999999999998,5.75,0.22599999999999998,4.25,0.213,3.5,0.22599999999999998
92,2.972448688495942,1.4,0.0025,0.3,0.5,2.1625065725760635,0.9347511960595709,21.465087933665675,6.75,0.21700000000000003,6.25,0.22599999999999998,4.5,0.201,3.5,0.216
93,2.9737355836377715,1.2,0.005,0.1,0.5,2.255910700611415,1.0108272975126977,18.66815470259447,6.75,0.23299999999999998,5.75,0.22499999999999998,4.25,0.201,3.25,0.216
94,2.9747245164890668,1.3,0.005,0.125,0,2.1625065725760635,0.9517119399301541,21.465087933665675,6.75,0.21700000000000003,6,0.22599999999999998,4.5,0.201,3.5,0.216
95,2.9763852192025997,1,0,0.05,0.5,2.255910700611415,1.0490749602784704,21.598611066455167,6.5,0.248,5.75,0.24,4,0.213,3.25,0.22599999999999998
96,2.979754893354788,1.3,0.005,0.5,0,2.1625065725760635,1.057196817007179,21.880356487041055,6.75,0.23299999999999998,6,0.24,4.25,0.213,3.25,0.22599999999999998
97,2.980863138557249,1.3,0,0.05,1,2.1689196513961626,0.8253512220895052,29.3981291921782,7.25,0.201,6.25,0.19699999999999998,5,0.17600000000000002,4,0.173
98,2.9819900131128962,1.3,0.01,0.15,1,2.187139120764276,1.010273328264287,19.685019685029516,6.75,0.21700000000000003,6,0.211,4.5,0.188,3.25,0.19399999999999998
99,2.982240913978421,1.3,0.0025,0.05,1,2.1689196513961626,0.8307223198214732,29.068883707497267,7.25,0.202,6.25,0.19699999999999998,5,0.17600000000000002,4,0.173
100,2.9829368624793036,1.3,0.01,0.2,1,2.187139120764276,0.965274923353797,17.811513130556865,6.75,0.21700000000000003,6.25,0.22499999999999998,4.5,0.201,3.5,0.205
